number 1, the bottle is on the conveyor...,2024-08-06T15:05:14.0194971Z
number 2, the bottle is on the conveyor...,2024-08-06T15:05:15.0225274Z
number 3, the bottle is on the conveyor...,2024-08-06T15:05:16.0226851Z
number 4, the bottle is on the conveyor...,2024-08-06T15:05:17.0232770Z
number 5, the bottle is on the conveyor...,2024-08-06T15:05:18.0235827Z
number 6, the bottle is on the conveyor...,2024-08-06T15:05:19.0239305Z
number 7, the bottle is on the conveyor...,2024-08-06T15:05:20.0236754Z
number 8, the bottle is on the conveyor...,2024-08-06T15:05:21.0221789Z
number 9, the bottle is on the conveyor...,2024-08-06T15:05:22.0233137Z
number 10, the bottle is on the conveyor...,2024-08-06T15:05:23.0227731Z
number 11, the bottle is on the conveyor...,2024-08-06T15:05:24.0232334Z
number 12, the bottle is on the conveyor...,2024-08-06T15:05:25.0241089Z
number 13, the bottle is on the conveyor...,2024-08-06T15:05:26.0242374Z
number 14, the bottle is on the conveyor...,2024-08-06T15:05:27.0245228Z
number 15, the bottle is on the conveyor...,2024-08-06T15:05:28.0246209Z
number 16, the bottle is on the conveyor...,2024-08-06T15:05:29.0248119Z
number 17, the bottle is on the conveyor...,2024-08-06T15:05:30.0278540Z
number 18, the bottle is on the conveyor...,2024-08-06T15:05:31.0266039Z
number 19, the bottle is on the conveyor...,2024-08-06T15:05:32.0263040Z
number 20, the bottle is on the conveyor...,2024-08-06T15:05:33.0276758Z
number 21, the bottle is on the conveyor...,2024-08-06T15:05:34.0258009Z
number 22, the bottle is on the conveyor...,2024-08-06T15:05:35.0263001Z
number 23, the bottle is on the conveyor...,2024-08-06T15:05:36.0280043Z
number 24, the bottle is on the conveyor...,2024-08-06T15:05:37.0263041Z
number 25, the bottle is on the conveyor...,2024-08-06T15:05:38.0264438Z
number 26, the bottle is on the conveyor...,2024-08-06T15:05:39.0283082Z
number 27, the bottle is on the conveyor...,2024-08-06T15:05:40.0259445Z
number 28, the bottle is on the conveyor...,2024-08-06T15:05:41.0283637Z
number 29, the bottle is on the conveyor...,2024-08-06T15:05:42.0262919Z
number 30, the bottle is on the conveyor...,2024-08-06T15:05:43.0265500Z
number 31, the bottle is on the conveyor...,2024-08-06T15:05:44.0292958Z
number 32, the bottle is on the conveyor...,2024-08-06T15:05:45.0324850Z
number 33, the bottle is on the conveyor...,2024-08-06T15:05:46.0316951Z
number 34, the bottle is on the conveyor...,2024-08-06T15:05:47.0300105Z
number 35, the bottle is on the conveyor...,2024-08-06T15:05:48.0314464Z
number 36, the bottle is on the conveyor...,2024-08-06T15:05:49.0323410Z
number 37, the bottle is on the conveyor...,2024-08-06T15:05:50.0302393Z
number 38, the bottle is on the conveyor...,2024-08-06T15:05:51.0311294Z
number 39, the bottle is on the conveyor...,2024-08-06T15:05:52.0319957Z
number 40, the bottle is on the conveyor...,2024-08-06T15:05:53.0317242Z
number 41, the bottle is on the conveyor...,2024-08-06T15:05:54.0320938Z
number 42, the bottle is on the conveyor...,2024-08-06T15:05:55.0329784Z
number 43, the bottle is on the conveyor...,2024-08-06T15:05:56.0313538Z
number 44, the bottle is on the conveyor...,2024-08-06T15:05:57.0314271Z
number 45, the bottle is on the conveyor...,2024-08-06T15:05:58.0319103Z
number 46, the bottle is on the conveyor...,2024-08-06T15:05:59.0302180Z
number 47, the bottle is on the conveyor...,2024-08-06T15:06:00.0314482Z
number 48, the bottle is on the conveyor...,2024-08-06T15:06:01.0303263Z
number 49, the bottle is on the conveyor...,2024-08-06T15:06:02.0335663Z
number 50, the bottle is on the conveyor...,2024-08-06T15:06:03.0365984Z
number 51, the bottle is on the conveyor...,2024-08-06T15:06:04.0355507Z
number 52, the bottle is on the conveyor...,2024-08-06T15:06:05.0356512Z
number 53, the bottle is on the conveyor...,2024-08-06T15:06:06.0351979Z
number 54, the bottle is on the conveyor...,2024-08-06T15:06:07.0351059Z
number 55, the bottle is on the conveyor...,2024-08-06T15:06:08.0348835Z
number 56, the bottle is on the conveyor...,2024-08-06T15:06:09.0346895Z
number 57, the bottle is on the conveyor...,2024-08-06T15:06:10.0346840Z
number 58, the bottle is on the conveyor...,2024-08-06T15:06:11.0349846Z
number 59, the bottle is on the conveyor...,2024-08-06T15:06:12.0343931Z
number 60, the bottle is on the conveyor...,2024-08-06T15:06:13.0349291Z
number 61, the bottle is on the conveyor...,2024-08-06T15:06:14.0348107Z
number 62, the bottle is on the conveyor...,2024-08-06T15:06:15.0354315Z
number 63, the bottle is on the conveyor...,2024-08-06T15:06:16.0359256Z
number 64, the bottle is on the conveyor...,2024-08-06T15:06:17.0356395Z
number 65, the bottle is on the conveyor...,2024-08-06T15:06:18.0349887Z
number 66, the bottle is on the conveyor...,2024-08-06T15:06:19.0348438Z
number 67, the bottle is on the conveyor...,2024-08-06T15:06:20.0351128Z
number 68, the bottle is on the conveyor...,2024-08-06T15:06:21.0357038Z
number 69, the bottle is on the conveyor...,2024-08-06T15:06:22.0343644Z
number 70, the bottle is on the conveyor...,2024-08-06T15:06:23.0355401Z
number 71, the bottle is on the conveyor...,2024-08-06T15:06:24.0352723Z
number 72, the bottle is on the conveyor...,2024-08-06T15:06:25.0366682Z
number 73, the bottle is on the conveyor...,2024-08-06T15:06:26.0364895Z
number 74, the bottle is on the conveyor...,2024-08-06T15:06:27.0359023Z
number 75, the bottle is on the conveyor...,2024-08-06T15:06:28.0356707Z
number 76, the bottle is on the conveyor...,2024-08-06T15:06:29.0356947Z
number 77, the bottle is on the conveyor...,2024-08-06T15:06:30.0350658Z
number 78, the bottle is on the conveyor...,2024-08-06T15:06:31.0362707Z
number 79, the bottle is on the conveyor...,2024-08-06T15:06:32.0343370Z
number 80, the bottle is on the conveyor...,2024-08-06T15:06:33.0367668Z
number 81, the bottle is on the conveyor...,2024-08-06T15:06:34.0365383Z
number 82, the bottle is on the conveyor...,2024-08-06T15:06:35.0351962Z
number 83, the bottle is on the conveyor...,2024-08-06T15:06:36.0357821Z
number 84, the bottle is on the conveyor...,2024-08-06T15:06:37.0341394Z
number 85, the bottle is on the conveyor...,2024-08-06T15:06:38.0359125Z
number 86, the bottle is on the conveyor...,2024-08-06T15:06:39.0352691Z
number 87, the bottle is on the conveyor...,2024-08-06T15:06:40.0346815Z
number 88, the bottle is on the conveyor...,2024-08-06T15:06:41.0341695Z
number 89, the bottle is on the conveyor...,2024-08-06T15:06:42.0368871Z
number 90, the bottle is on the conveyor...,2024-08-06T15:06:43.0406357Z
number 91, the bottle is on the conveyor...,2024-08-06T15:06:44.0389224Z
number 92, the bottle is on the conveyor...,2024-08-06T15:06:45.0410772Z
number 93, the bottle is on the conveyor...,2024-08-06T15:06:46.0444481Z
number 94, the bottle is on the conveyor...,2024-08-06T15:06:47.0429626Z
number 95, the bottle is on the conveyor...,2024-08-06T15:06:48.0443328Z
number 96, the bottle is on the conveyor...,2024-08-06T15:06:49.0431131Z
number 97, the bottle is on the conveyor...,2024-08-06T15:06:50.0433614Z
number 98, the bottle is on the conveyor...,2024-08-06T15:06:51.0424285Z
number 99, the bottle is on the conveyor...,2024-08-06T15:06:52.0436413Z
number 100, the bottle is on the conveyor...,2024-08-06T15:06:53.0426824Z
number 1, the bottle is on the conveyor...,2024-08-06T15:08:46.5613599Z
number 2, the bottle is on the conveyor...,2024-08-06T15:08:47.5629333Z
number 3, the bottle is on the conveyor...,2024-08-06T15:08:48.5619207Z
number 4, the bottle is on the conveyor...,2024-08-06T15:08:49.5632410Z
number 5, the bottle is on the conveyor...,2024-08-06T15:08:50.5627092Z
number 6, the bottle is on the conveyor...,2024-08-06T15:08:51.5628962Z
number 7, the bottle is on the conveyor...,2024-08-06T15:08:52.5625762Z
number 8, the bottle is on the conveyor...,2024-08-06T15:08:53.5642675Z
number 9, the bottle is on the conveyor...,2024-08-06T15:08:54.5640424Z
number 10, the bottle is on the conveyor...,2024-08-06T15:08:55.5645181Z
number 11, the bottle is on the conveyor...,2024-08-06T15:08:56.5625113Z
number 12, the bottle is on the conveyor...,2024-08-06T15:08:57.5623976Z
number 13, the bottle is on the conveyor...,2024-08-06T15:08:58.5633044Z
number 14, the bottle is on the conveyor...,2024-08-06T15:08:59.5633395Z
number 15, the bottle is on the conveyor...,2024-08-06T15:09:00.5618339Z
number 16, the bottle is on the conveyor...,2024-08-06T15:09:01.5636277Z
number 17, the bottle is on the conveyor...,2024-08-06T15:09:02.5625301Z
number 18, the bottle is on the conveyor...,2024-08-06T15:09:03.5631397Z
number 19, the bottle is on the conveyor...,2024-08-06T15:09:04.5620801Z
number 20, the bottle is on the conveyor...,2024-08-06T15:09:05.5630746Z
number 21, the bottle is on the conveyor...,2024-08-06T15:09:06.5624393Z
number 22, the bottle is on the conveyor...,2024-08-06T15:09:07.5644714Z
number 23, the bottle is on the conveyor...,2024-08-06T15:09:08.5628669Z
number 24, the bottle is on the conveyor...,2024-08-06T15:09:09.5632444Z
number 25, the bottle is on the conveyor...,2024-08-06T15:09:10.5635346Z
number 26, the bottle is on the conveyor...,2024-08-06T15:09:11.5641009Z
number 27, the bottle is on the conveyor...,2024-08-06T15:09:12.5627571Z
number 28, the bottle is on the conveyor...,2024-08-06T15:09:13.5636978Z
number 29, the bottle is on the conveyor...,2024-08-06T15:09:14.5626928Z
number 30, the bottle is on the conveyor...,2024-08-06T15:09:15.5636985Z
number 31, the bottle is on the conveyor...,2024-08-06T15:09:16.5643689Z
number 32, the bottle is on the conveyor...,2024-08-06T15:09:17.5625285Z
number 33, the bottle is on the conveyor...,2024-08-06T15:09:18.5636390Z
number 34, the bottle is on the conveyor...,2024-08-06T15:09:19.5628191Z
number 35, the bottle is on the conveyor...,2024-08-06T15:09:20.5624939Z
number 36, the bottle is on the conveyor...,2024-08-06T15:09:21.5631418Z
number 37, the bottle is on the conveyor...,2024-08-06T15:09:22.5646835Z
number 38, the bottle is on the conveyor...,2024-08-06T15:09:23.5634777Z
number 39, the bottle is on the conveyor...,2024-08-06T15:09:24.5621545Z
number 40, the bottle is on the conveyor...,2024-08-06T15:09:25.5634492Z
number 41, the bottle is on the conveyor...,2024-08-06T15:09:26.5630589Z
number 42, the bottle is on the conveyor...,2024-08-06T15:09:27.5628357Z
number 43, the bottle is on the conveyor...,2024-08-06T15:09:28.5634979Z
number 44, the bottle is on the conveyor...,2024-08-06T15:09:29.5633618Z
number 45, the bottle is on the conveyor...,2024-08-06T15:09:30.5633460Z
number 46, the bottle is on the conveyor...,2024-08-06T15:09:31.5626832Z
number 47, the bottle is on the conveyor...,2024-08-06T15:09:32.5617378Z
number 48, the bottle is on the conveyor...,2024-08-06T15:09:33.5628433Z
number 1, the bottle is on the conveyor...,2024-08-06T15:10:04.7890784Z
number 2, the bottle is on the conveyor...,2024-08-06T15:10:05.7913933Z
number 3, the bottle is on the conveyor...,2024-08-06T15:10:06.7922219Z
number 4, the bottle is on the conveyor...,2024-08-06T15:10:07.7929297Z
number 5, the bottle is on the conveyor...,2024-08-06T15:10:08.7907702Z
number 6, the bottle is on the conveyor...,2024-08-06T15:10:09.7922097Z
number 7, the bottle is on the conveyor...,2024-08-06T15:10:10.7907502Z
number 8, the bottle is on the conveyor...,2024-08-06T15:10:11.7926175Z
number 9, the bottle is on the conveyor...,2024-08-06T15:10:12.7902028Z
number 10, the bottle is on the conveyor...,2024-08-06T15:10:13.7930504Z
number 11, the bottle is on the conveyor...,2024-08-06T15:10:14.7912661Z
number 12, the bottle is on the conveyor...,2024-08-06T15:10:15.7904999Z
number 13, the bottle is on the conveyor...,2024-08-06T15:10:16.7924675Z
number 14, the bottle is on the conveyor...,2024-08-06T15:10:17.7904859Z
number 15, the bottle is on the conveyor...,2024-08-06T15:10:18.7929865Z
number 16, the bottle is on the conveyor...,2024-08-06T15:10:19.7959767Z
number 17, the bottle is on the conveyor...,2024-08-06T15:10:20.7960474Z
number 18, the bottle is on the conveyor...,2024-08-06T15:10:21.7958799Z
number 19, the bottle is on the conveyor...,2024-08-06T15:10:22.7964597Z
number 20, the bottle is on the conveyor...,2024-08-06T15:10:23.7947512Z
number 21, the bottle is on the conveyor...,2024-08-06T15:10:24.7954430Z
number 22, the bottle is on the conveyor...,2024-08-06T15:10:25.7959077Z
number 23, the bottle is on the conveyor...,2024-08-06T15:10:26.7963113Z
number 24, the bottle is on the conveyor...,2024-08-06T15:10:27.7963655Z
number 25, the bottle is on the conveyor...,2024-08-06T15:10:28.7949450Z
number 26, the bottle is on the conveyor...,2024-08-06T15:10:29.7943476Z
number 27, the bottle is on the conveyor...,2024-08-06T15:10:30.7954063Z
number 28, the bottle is on the conveyor...,2024-08-06T15:10:31.7952203Z
number 29, the bottle is on the conveyor...,2024-08-06T15:10:32.7963619Z
number 30, the bottle is on the conveyor...,2024-08-06T15:10:33.7951720Z
number 31, the bottle is on the conveyor...,2024-08-06T15:10:34.7956682Z
number 32, the bottle is on the conveyor...,2024-08-06T15:10:35.7947596Z
number 33, the bottle is on the conveyor...,2024-08-06T15:10:36.7959125Z
number 34, the bottle is on the conveyor...,2024-08-06T15:10:37.7944078Z
number 35, the bottle is on the conveyor...,2024-08-06T15:10:38.7947714Z
number 36, the bottle is on the conveyor...,2024-08-06T15:10:39.7956065Z
number 37, the bottle is on the conveyor...,2024-08-06T15:10:40.7951216Z
number 38, the bottle is on the conveyor...,2024-08-06T15:10:41.7940757Z
number 39, the bottle is on the conveyor...,2024-08-06T15:10:42.7958698Z
number 40, the bottle is on the conveyor...,2024-08-06T15:10:43.7950963Z
number 41, the bottle is on the conveyor...,2024-08-06T15:10:44.7958609Z
number 42, the bottle is on the conveyor...,2024-08-06T15:10:45.7961500Z
number 43, the bottle is on the conveyor...,2024-08-06T15:10:46.7959580Z
number 44, the bottle is on the conveyor...,2024-08-06T15:10:47.7956063Z
number 45, the bottle is on the conveyor...,2024-08-06T15:10:48.7957939Z
number 46, the bottle is on the conveyor...,2024-08-06T15:10:49.7940214Z
number 47, the bottle is on the conveyor...,2024-08-06T15:10:50.7946150Z
number 48, the bottle is on the conveyor...,2024-08-06T15:10:51.7952145Z
number 49, the bottle is on the conveyor...,2024-08-06T15:10:52.7971282Z
number 50, the bottle is on the conveyor...,2024-08-06T15:10:53.7949450Z
number 51, the bottle is on the conveyor...,2024-08-06T15:10:54.7959127Z
number 52, the bottle is on the conveyor...,2024-08-06T15:10:55.7952489Z
number 53, the bottle is on the conveyor...,2024-08-06T15:10:56.7950794Z
number 54, the bottle is on the conveyor...,2024-08-06T15:10:57.7947734Z
number 55, the bottle is on the conveyor...,2024-08-06T15:10:58.7958945Z
number 56, the bottle is on the conveyor...,2024-08-06T15:10:59.7949431Z
number 57, the bottle is on the conveyor...,2024-08-06T15:11:00.7947997Z
number 58, the bottle is on the conveyor...,2024-08-06T15:11:01.7954295Z
number 59, the bottle is on the conveyor...,2024-08-06T15:11:02.7945109Z
number 60, the bottle is on the conveyor...,2024-08-06T15:11:03.7956925Z
number 61, the bottle is on the conveyor...,2024-08-06T15:11:04.7945867Z
number 62, the bottle is on the conveyor...,2024-08-06T15:11:05.7961104Z
number 63, the bottle is on the conveyor...,2024-08-06T15:11:06.7948460Z
number 64, the bottle is on the conveyor...,2024-08-06T15:11:07.7970067Z
number 65, the bottle is on the conveyor...,2024-08-06T15:11:08.7950086Z
number 66, the bottle is on the conveyor...,2024-08-06T15:11:09.7944228Z
number 67, the bottle is on the conveyor...,2024-08-06T15:11:10.7952424Z
number 68, the bottle is on the conveyor...,2024-08-06T15:11:11.7947947Z
number 69, the bottle is on the conveyor...,2024-08-06T15:11:12.7976229Z
number 70, the bottle is on the conveyor...,2024-08-06T15:11:13.7987500Z
number 71, the bottle is on the conveyor...,2024-08-06T15:11:14.8013298Z
number 72, the bottle is on the conveyor...,2024-08-06T15:11:15.8050858Z
number 73, the bottle is on the conveyor...,2024-08-06T15:11:16.8074107Z
number 74, the bottle is on the conveyor...,2024-08-06T15:11:17.8067866Z
number 75, the bottle is on the conveyor...,2024-08-06T15:11:18.8079644Z
number 76, the bottle is on the conveyor...,2024-08-06T15:11:19.8071417Z
number 77, the bottle is on the conveyor...,2024-08-06T15:11:20.8066220Z
number 78, the bottle is on the conveyor...,2024-08-06T15:11:21.8067278Z
number 79, the bottle is on the conveyor...,2024-08-06T15:11:22.8070507Z
number 80, the bottle is on the conveyor...,2024-08-06T15:11:23.8068922Z
number 81, the bottle is on the conveyor...,2024-08-06T15:11:24.8062760Z
number 82, the bottle is on the conveyor...,2024-08-06T15:11:25.8085175Z
number 83, the bottle is on the conveyor...,2024-08-06T15:11:26.8083534Z
number 84, the bottle is on the conveyor...,2024-08-06T15:11:27.8061033Z
number 85, the bottle is on the conveyor...,2024-08-06T15:11:28.8073938Z
number 86, the bottle is on the conveyor...,2024-08-06T15:11:29.8074987Z
number 87, the bottle is on the conveyor...,2024-08-06T15:11:30.8065569Z
number 88, the bottle is on the conveyor...,2024-08-06T15:11:31.8089019Z
number 89, the bottle is on the conveyor...,2024-08-06T15:11:32.8066190Z
number 90, the bottle is on the conveyor...,2024-08-06T15:11:33.8079882Z
number 91, the bottle is on the conveyor...,2024-08-06T15:11:34.8075412Z
number 92, the bottle is on the conveyor...,2024-08-06T15:11:35.8074611Z
number 93, the bottle is on the conveyor...,2024-08-06T15:11:36.8077597Z
number 94, the bottle is on the conveyor...,2024-08-06T15:11:37.8080856Z
number 95, the bottle is on the conveyor...,2024-08-06T15:11:38.8062467Z
number 96, the bottle is on the conveyor...,2024-08-06T15:11:39.8066911Z
number 97, the bottle is on the conveyor...,2024-08-06T15:11:40.8073100Z
number 98, the bottle is on the conveyor...,2024-08-06T15:11:41.8079851Z
number 99, the bottle is on the conveyor...,2024-08-06T15:11:42.8076016Z
number 100, the bottle is on the conveyor...,2024-08-06T15:11:43.8066542Z
number 1, the bottle is on the conveyor...,2024-08-06T15:12:10.1525780Z
number 2, the bottle is on the conveyor...,2024-08-06T15:12:11.1558468Z
number 3, the bottle is on the conveyor...,2024-08-06T15:12:12.1556561Z
number 4, the bottle is on the conveyor...,2024-08-06T15:12:13.1558416Z
number 5, the bottle is on the conveyor...,2024-08-06T15:12:14.1540455Z
number 6, the bottle is on the conveyor...,2024-08-06T15:12:15.1557521Z
number 7, the bottle is on the conveyor...,2024-08-06T15:12:16.1556274Z
number 8, the bottle is on the conveyor...,2024-08-06T15:12:17.1558463Z
number 9, the bottle is on the conveyor...,2024-08-06T15:12:18.1554655Z
number 10, the bottle is on the conveyor...,2024-08-06T15:12:19.1554962Z
number 11, the bottle is on the conveyor...,2024-08-06T15:12:20.1557788Z
number 12, the bottle is on the conveyor...,2024-08-06T15:12:21.1548300Z
number 13, the bottle is on the conveyor...,2024-08-06T15:12:22.1551833Z
number 14, the bottle is on the conveyor...,2024-08-06T15:12:23.1548802Z
number 15, the bottle is on the conveyor...,2024-08-06T15:12:24.1553494Z
number 16, the bottle is on the conveyor...,2024-08-06T15:12:25.1550832Z
number 17, the bottle is on the conveyor...,2024-08-06T15:12:26.1555885Z
number 18, the bottle is on the conveyor...,2024-08-06T15:12:27.1538329Z
number 19, the bottle is on the conveyor...,2024-08-06T15:12:28.1554930Z
number 20, the bottle is on the conveyor...,2024-08-06T15:12:29.1544303Z
number 21, the bottle is on the conveyor...,2024-08-06T15:12:30.1551952Z
number 22, the bottle is on the conveyor...,2024-08-06T15:12:31.1547530Z
number 23, the bottle is on the conveyor...,2024-08-06T15:12:32.1549360Z
number 24, the bottle is on the conveyor...,2024-08-06T15:12:33.1563088Z
number 25, the bottle is on the conveyor...,2024-08-06T15:12:34.1558609Z
number 26, the bottle is on the conveyor...,2024-08-06T15:12:35.1544295Z
number 27, the bottle is on the conveyor...,2024-08-06T15:12:36.1552588Z
number 28, the bottle is on the conveyor...,2024-08-06T15:12:37.1556078Z
number 29, the bottle is on the conveyor...,2024-08-06T15:12:38.1552188Z
number 30, the bottle is on the conveyor...,2024-08-06T15:12:39.1559988Z
number 31, the bottle is on the conveyor...,2024-08-06T15:12:40.1556462Z
number 32, the bottle is on the conveyor...,2024-08-06T15:12:41.1550883Z
number 33, the bottle is on the conveyor...,2024-08-06T15:12:42.1561740Z
number 34, the bottle is on the conveyor...,2024-08-06T15:12:43.1553672Z
number 35, the bottle is on the conveyor...,2024-08-06T15:12:44.1557923Z
number 36, the bottle is on the conveyor...,2024-08-06T15:12:45.1555919Z
number 37, the bottle is on the conveyor...,2024-08-06T15:12:46.1549708Z
number 38, the bottle is on the conveyor...,2024-08-06T15:12:47.1538618Z
number 39, the bottle is on the conveyor...,2024-08-06T15:12:48.1558873Z
number 40, the bottle is on the conveyor...,2024-08-06T15:12:49.1545689Z
number 41, the bottle is on the conveyor...,2024-08-06T15:12:50.1569209Z
number 42, the bottle is on the conveyor...,2024-08-06T15:12:51.1600385Z
number 43, the bottle is on the conveyor...,2024-08-06T15:12:52.1590840Z
number 44, the bottle is on the conveyor...,2024-08-06T15:12:53.1603167Z
number 45, the bottle is on the conveyor...,2024-08-06T15:12:54.1590794Z
number 46, the bottle is on the conveyor...,2024-08-06T15:12:55.1578429Z
number 47, the bottle is on the conveyor...,2024-08-06T15:12:56.1578888Z
number 48, the bottle is on the conveyor...,2024-08-06T15:12:57.1587051Z
number 49, the bottle is on the conveyor...,2024-08-06T15:12:58.1585211Z
number 50, the bottle is on the conveyor...,2024-08-06T15:12:59.1599131Z
number 51, the bottle is on the conveyor...,2024-08-06T15:13:00.1584225Z
number 52, the bottle is on the conveyor...,2024-08-06T15:13:01.1593567Z
number 53, the bottle is on the conveyor...,2024-08-06T15:13:02.1583992Z
number 54, the bottle is on the conveyor...,2024-08-06T15:13:03.1586752Z
number 55, the bottle is on the conveyor...,2024-08-06T15:13:04.1602840Z
number 56, the bottle is on the conveyor...,2024-08-06T15:13:05.1591090Z
number 57, the bottle is on the conveyor...,2024-08-06T15:13:06.1592246Z
number 58, the bottle is on the conveyor...,2024-08-06T15:13:07.1583992Z
number 59, the bottle is on the conveyor...,2024-08-06T15:13:08.1592384Z
number 60, the bottle is on the conveyor...,2024-08-06T15:13:09.1581701Z
number 61, the bottle is on the conveyor...,2024-08-06T15:13:10.1588581Z
number 62, the bottle is on the conveyor...,2024-08-06T15:13:11.1581591Z
number 63, the bottle is on the conveyor...,2024-08-06T15:13:12.1611382Z
number 64, the bottle is on the conveyor...,2024-08-06T15:13:13.1634981Z
number 65, the bottle is on the conveyor...,2024-08-06T15:13:14.1643396Z
number 66, the bottle is on the conveyor...,2024-08-06T15:13:15.1625766Z
number 67, the bottle is on the conveyor...,2024-08-06T15:13:16.1627722Z
number 68, the bottle is on the conveyor...,2024-08-06T15:13:17.1637752Z
number 69, the bottle is on the conveyor...,2024-08-06T15:13:18.1617463Z
number 70, the bottle is on the conveyor...,2024-08-06T15:13:19.1623565Z
number 71, the bottle is on the conveyor...,2024-08-06T15:13:20.1620342Z
number 72, the bottle is on the conveyor...,2024-08-06T15:13:21.1618935Z
number 73, the bottle is on the conveyor...,2024-08-06T15:13:22.1644907Z
number 74, the bottle is on the conveyor...,2024-08-06T15:13:23.1642708Z
number 75, the bottle is on the conveyor...,2024-08-06T15:13:24.1643393Z
number 76, the bottle is on the conveyor...,2024-08-06T15:13:25.1625491Z
number 77, the bottle is on the conveyor...,2024-08-06T15:13:26.1637447Z
number 78, the bottle is on the conveyor...,2024-08-06T15:13:27.1628722Z
number 79, the bottle is on the conveyor...,2024-08-06T15:13:28.1620519Z
number 80, the bottle is on the conveyor...,2024-08-06T15:13:29.1621182Z
number 81, the bottle is on the conveyor...,2024-08-06T15:13:30.1640468Z
number 82, the bottle is on the conveyor...,2024-08-06T15:13:31.1654135Z
number 83, the bottle is on the conveyor...,2024-08-06T15:13:32.1674695Z
number 84, the bottle is on the conveyor...,2024-08-06T15:13:33.1668623Z
number 85, the bottle is on the conveyor...,2024-08-06T15:13:34.1669677Z
number 86, the bottle is on the conveyor...,2024-08-06T15:13:35.1662162Z
number 87, the bottle is on the conveyor...,2024-08-06T15:13:36.1663695Z
number 88, the bottle is on the conveyor...,2024-08-06T15:13:37.1659353Z
number 89, the bottle is on the conveyor...,2024-08-06T15:13:38.1673475Z
number 90, the bottle is on the conveyor...,2024-08-06T15:13:39.1671718Z
number 91, the bottle is on the conveyor...,2024-08-06T15:13:40.1665155Z
number 92, the bottle is on the conveyor...,2024-08-06T15:13:41.1661288Z
number 93, the bottle is on the conveyor...,2024-08-06T15:13:42.1670243Z
number 94, the bottle is on the conveyor...,2024-08-06T15:13:43.1670110Z
number 95, the bottle is on the conveyor...,2024-08-06T15:13:44.1676120Z
number 96, the bottle is on the conveyor...,2024-08-06T15:13:45.1673602Z
number 97, the bottle is on the conveyor...,2024-08-06T15:13:46.1673131Z
number 98, the bottle is on the conveyor...,2024-08-06T15:13:47.1673477Z
number 99, the bottle is on the conveyor...,2024-08-06T15:13:48.1677483Z
number 100, the bottle is on the conveyor...,2024-08-06T15:13:49.1662324Z
number 1, the bottle is on the conveyor...,2024-08-06T15:19:55.2603184Z
number 2, the bottle is on the conveyor...,2024-08-06T15:19:55.3651013Z
number 3, the bottle is on the conveyor...,2024-08-06T15:19:55.4662050Z
number 4, the bottle is on the conveyor...,2024-08-06T15:19:55.5672356Z
number 5, the bottle is on the conveyor...,2024-08-06T15:19:55.6681287Z
number 6, the bottle is on the conveyor...,2024-08-06T15:19:55.7685144Z
number 7, the bottle is on the conveyor...,2024-08-06T15:19:55.8690373Z
number 8, the bottle is on the conveyor...,2024-08-06T15:19:55.9700400Z
number 9, the bottle is on the conveyor...,2024-08-06T15:19:56.0710839Z
number 10, the bottle is on the conveyor...,2024-08-06T15:19:56.1721121Z
number 11, the bottle is on the conveyor...,2024-08-06T15:19:56.2725921Z
number 12, the bottle is on the conveyor...,2024-08-06T15:19:56.3736812Z
number 13, the bottle is on the conveyor...,2024-08-06T15:19:56.4751197Z
number 14, the bottle is on the conveyor...,2024-08-06T15:19:56.5755868Z
number 15, the bottle is on the conveyor...,2024-08-06T15:19:56.6766393Z
number 16, the bottle is on the conveyor...,2024-08-06T15:19:56.7772429Z
number 17, the bottle is on the conveyor...,2024-08-06T15:19:56.8782035Z
number 18, the bottle is on the conveyor...,2024-08-06T15:19:56.9791661Z
number 19, the bottle is on the conveyor...,2024-08-06T15:19:57.0800368Z
number 20, the bottle is on the conveyor...,2024-08-06T15:19:57.1803742Z
number 21, the bottle is on the conveyor...,2024-08-06T15:19:57.2794082Z
number 22, the bottle is on the conveyor...,2024-08-06T15:19:57.3803010Z
number 23, the bottle is on the conveyor...,2024-08-06T15:19:57.4814162Z
number 24, the bottle is on the conveyor...,2024-08-06T15:19:57.5822180Z
number 25, the bottle is on the conveyor...,2024-08-06T15:19:57.6831359Z
number 26, the bottle is on the conveyor...,2024-08-06T15:19:57.7823151Z
number 27, the bottle is on the conveyor...,2024-08-06T15:19:57.8831624Z
number 28, the bottle is on the conveyor...,2024-08-06T15:19:57.9822693Z
number 29, the bottle is on the conveyor...,2024-08-06T15:19:58.0830767Z
number 30, the bottle is on the conveyor...,2024-08-06T15:19:58.1839388Z
number 31, the bottle is on the conveyor...,2024-08-06T15:19:58.2842457Z
number 32, the bottle is on the conveyor...,2024-08-06T15:19:58.3851444Z
number 33, the bottle is on the conveyor...,2024-08-06T15:19:58.4860365Z
number 34, the bottle is on the conveyor...,2024-08-06T15:19:58.5869806Z
number 35, the bottle is on the conveyor...,2024-08-06T15:19:58.6861539Z
number 36, the bottle is on the conveyor...,2024-08-06T15:19:58.7870479Z
number 37, the bottle is on the conveyor...,2024-08-06T15:19:58.8877201Z
number 38, the bottle is on the conveyor...,2024-08-06T15:19:58.9885288Z
number 39, the bottle is on the conveyor...,2024-08-06T15:19:59.0894153Z
number 40, the bottle is on the conveyor...,2024-08-06T15:19:59.1901340Z
number 41, the bottle is on the conveyor...,2024-08-06T15:19:59.2909565Z
number 42, the bottle is on the conveyor...,2024-08-06T15:19:59.3914688Z
number 43, the bottle is on the conveyor...,2024-08-06T15:19:59.4925166Z
number 44, the bottle is on the conveyor...,2024-08-06T15:19:59.5934903Z
number 45, the bottle is on the conveyor...,2024-08-06T15:19:59.6945199Z
number 46, the bottle is on the conveyor...,2024-08-06T15:19:59.7954403Z
number 47, the bottle is on the conveyor...,2024-08-06T15:19:59.8963839Z
number 48, the bottle is on the conveyor...,2024-08-06T15:19:59.9972233Z
number 49, the bottle is on the conveyor...,2024-08-06T15:20:00.0978047Z
number 50, the bottle is on the conveyor...,2024-08-06T15:20:00.1987807Z
number 51, the bottle is on the conveyor...,2024-08-06T15:20:00.2996453Z
number 52, the bottle is on the conveyor...,2024-08-06T15:20:00.3988700Z
number 53, the bottle is on the conveyor...,2024-08-06T15:20:00.4998762Z
number 54, the bottle is on the conveyor...,2024-08-06T15:20:00.6008443Z
number 55, the bottle is on the conveyor...,2024-08-06T15:20:00.6979123Z
number 56, the bottle is on the conveyor...,2024-08-06T15:20:00.7988815Z
number 57, the bottle is on the conveyor...,2024-08-06T15:20:00.8997402Z
number 58, the bottle is on the conveyor...,2024-08-06T15:20:00.9987371Z
number 59, the bottle is on the conveyor...,2024-08-06T15:20:01.0996389Z
number 60, the bottle is on the conveyor...,2024-08-06T15:20:01.2006161Z
number 61, the bottle is on the conveyor...,2024-08-06T15:20:01.3014465Z
number 62, the bottle is on the conveyor...,2024-08-06T15:20:01.4018165Z
number 63, the bottle is on the conveyor...,2024-08-06T15:20:01.5026539Z
number 64, the bottle is on the conveyor...,2024-08-06T15:20:01.6029892Z
number 65, the bottle is on the conveyor...,2024-08-06T15:20:01.7038798Z
number 66, the bottle is on the conveyor...,2024-08-06T15:20:01.8047977Z
number 67, the bottle is on the conveyor...,2024-08-06T15:20:01.9017721Z
number 68, the bottle is on the conveyor...,2024-08-06T15:20:02.0026231Z
number 69, the bottle is on the conveyor...,2024-08-06T15:20:02.1036044Z
number 70, the bottle is on the conveyor...,2024-08-06T15:20:02.2047095Z
number 71, the bottle is on the conveyor...,2024-08-06T15:20:02.3018654Z
number 72, the bottle is on the conveyor...,2024-08-06T15:20:02.4029138Z
number 73, the bottle is on the conveyor...,2024-08-06T15:20:02.5039117Z
number 74, the bottle is on the conveyor...,2024-08-06T15:20:02.6048617Z
number 75, the bottle is on the conveyor...,2024-08-06T15:20:02.7021286Z
number 76, the bottle is on the conveyor...,2024-08-06T15:20:02.8030509Z
number 77, the bottle is on the conveyor...,2024-08-06T15:20:02.9040798Z
number 78, the bottle is on the conveyor...,2024-08-06T15:20:03.0051501Z
number 79, the bottle is on the conveyor...,2024-08-06T15:20:03.1060706Z
number 80, the bottle is on the conveyor...,2024-08-06T15:20:03.2061755Z
number 81, the bottle is on the conveyor...,2024-08-06T15:20:03.3072828Z
number 82, the bottle is on the conveyor...,2024-08-06T15:20:03.4084011Z
number 83, the bottle is on the conveyor...,2024-08-06T15:20:03.5093385Z
number 84, the bottle is on the conveyor...,2024-08-06T15:20:03.6105996Z
number 85, the bottle is on the conveyor...,2024-08-06T15:20:03.7117069Z
number 86, the bottle is on the conveyor...,2024-08-06T15:20:03.8121575Z
number 87, the bottle is on the conveyor...,2024-08-06T15:20:03.9126836Z
number 88, the bottle is on the conveyor...,2024-08-06T15:20:04.0112394Z
number 89, the bottle is on the conveyor...,2024-08-06T15:20:04.1121086Z
number 90, the bottle is on the conveyor...,2024-08-06T15:20:04.2130553Z
number 91, the bottle is on the conveyor...,2024-08-06T15:20:04.3139331Z
number 92, the bottle is on the conveyor...,2024-08-06T15:20:04.4149315Z
number 93, the bottle is on the conveyor...,2024-08-06T15:20:04.5159066Z
number 94, the bottle is on the conveyor...,2024-08-06T15:20:04.6169061Z
number 95, the bottle is on the conveyor...,2024-08-06T15:20:04.7137084Z
number 96, the bottle is on the conveyor...,2024-08-06T15:20:04.8145592Z
number 97, the bottle is on the conveyor...,2024-08-06T15:20:04.9153427Z
number 98, the bottle is on the conveyor...,2024-08-06T15:20:05.0163114Z
number 99, the bottle is on the conveyor...,2024-08-06T15:20:05.1166130Z
number 100, the bottle is on the conveyor...,2024-08-06T15:20:05.2174567Z
